# This is the email aliases file, mapping secondary addresses
# onto a single, canonical address.
DaveWalker@ubuntu.com Dave.Walker@canonical.com
abdelsalam.naeim@gmail.com abdelsalam50@gmail.com
adamg@canonical.com adam.gandelman@canonical.com
admin@jakedahn.com jake@ansolabs.com
akramer@google.com adam@the-kramers.net
aleks.saul@gmail.com aleks.saul@coreos.com
amesserl@rackspace.com ant@openstack.org
andre.cruz@co.sapo.pt andre@cabine.org
andrew@cloudscaling.com acs@parvuscaptus.com
anish.bhatt@salesforce.com anish@gatech.edu
anne.gentle@rackspace.com anne@openstack.org
apevec@gmail.com apevec@redhat.com
armando.migliaccio@citrix.com armando.migliaccio@eu.citrix.com
atisdale@google.com atisdale@atisdale.sfo.corp.google.com
bcwaldon@gmail.com brian.waldon@rackspace.com
bdwarner@us.ibm.com brian@bdwarner.com
bfschott@gmail.com bschott@isi.edu
brendandburns@users.noreply.github.com bburns@google.com
brian.lamar@gmail.com brian.lamar@rackspace.com
brian.warner@linuxfoundation.org brian@bdwarner.com
brian.warner@samsung.com brian@bdwarner.com
cbehrens+gerrit@codestud.com cbehrens@codestud.com
cboylan@sapwetik.org clark.boylan@gmail.com
chiradeep@chiradeep-lt2 chiradeep@cloud.com
chris.behrens@rackspace.com cbehrens@codestud.com
chris@slicehost.com chris@pistoncloud.com
chuck.short@canonical.com zulcss@ubuntu.com
clark@openstack.org clark.boylan@gmail.com
clay.gerrard@gmail.com clay.gerrard@gmail.com
clay.gerrard@rackspace.com clay.gerrard@gmail.com
clayg@clayg-desktop clay.gerrard@gmail.com
combcloud@gmail.com fangying068@gmail.com
corvus@gnu.org jeblair@openstack.org
corvus@inaugust.com jeblair@openstack.org
cory.wright@rackspace.com corywright@gmail.com
cynerva@gmail.com george.kraft@canonical.com
daconstenla@gmail.com dconstenla@gradiant.org
dalanlan925@gmail.com hesimei@zju.edu.cn
dan.prince@rackspace.com dprince@redhat.com
danms@us.ibm.com dansmith@redhat.com
dano@spotify.com daniel.norberg@gmail.com
danwent@dan-xs3-cs dan@nicira.com
danwent@gmail.com dan@nicira.com
david.goetz@gmail.com david.goetz@rackspace.com
david.hadas@gmail.com davidh@il.ibm.com
davide_agnello@hotmail.com dagnello@hp.com
denny@unitedstack.com filebat.mark@gmail.com
dettervt@users.noreply.github.com dettervt@gmail.com
dev@khalid-dermoumi.de khaliddermoumi@users.noreply.github.com
devcamcar@illian.local devin.carlen@gmail.com
devin@openstack.org devin.carlen@gmail.com
devnull@brim.net gholt@rackspace.com
dims@linux.vnet.ibm.com davanum@gmail.com 
dms@danplanet.com dansmith@redhat.com
dominik.schulz@justwatch.com dominik.schulz@gauner.org
doug.hellmann@dreamhost.com doug@doughellmann.com
doug.hellmann@gmail.com doug@doughellmann.com
dpgoetz@gmail.com david.goetz@rackspace.com
e.proydakov@gmail.com lord.tiran@gmail.com
eli@stream.place eli@iame.li
emagana@gmail.com emagana@plumgrid.com
emellor@silver ewan.mellor@citrix.com
enugaev@griddynamics.com reldan@oscloud.ru
fabian.ruff@sap.com fabian@progra.de
fallenpegasus@gmail.com me@mark.atwood.name
gaurav@gluster.com gaurav@gluster.com
george.tankersley@gmail.com george.tankersley@coreos.com
ghe.rivero@stackops.com ghe@debian.org
ghe@debian.org ghe.rivero@gmail.com
gholt@brim.net gholt@rackspace.com
github@anarkystic.com code@term.ie
glange@rackspace.com greglange@gmail.com
greglange+launchpad@gmail.com greglange@gmail.com
gregory.holt+launchpad.net@gmail.com gholt@rackspace.com
hanfei.shen@alo7.com qqshfox@gmail.com
higginsd@gmail.com derekh@redhat.com
hmaxwell@box.com hmrmaxwell@gmail.com
ialekseev@griddynamics.com ilyaalekseyev@acm.org
ilya@oscloud.ru ilyaalekseyev@acm.org
itoumsn@shayol itoumsn@nttdata.co.jp
jake@markupisart.com jake@ansolabs.com
jakub@goclawski.net gocek13@gmail.com
james.blair@rackspace.com jeblair@openstack.org
jeblair@hp.com jeblair@openstack.org
jesse@aire.local anotherjesse@gmail.com
jesse@dancelamb anotherjesse@gmail.com
jesse@gigantor.local anotherjesse@gmail.com
jesse@ubuntu anotherjesse@gmail.com
jesusaurus@inbox.com code@gentlydownthe.net
jimmy@coreos.com jimmy.zelinskie@coreos.com
jmckenty@joshua-mckentys-macbook-pro.local jmckenty@gmail.com
jmckenty@yyj-dhcp171.corp.flock.com jmckenty@gmail.com
joe@cloudscaling.com joe@swiftstack.com
johannes@compute3.221.st johannes.erdfelt@rackspace.com
johannes@erdfelt.com johannes.erdfelt@rackspace.com
john.dickinson@rackspace.com me@not.mn
john.garbutt@citrix.com john@johngarbutt.com
josh.kearney@rackspace.com josh@jk0.org
joshua.mckenty@nasa.gov jmckenty@gmail.com
joshua@pistoncloud.com jmckenty@gmail.com
jpipes@serialcoder jaypipes@gmail.com
jsuh@bespin jsuh@isi.edu
juliano@martinez.io juliano.martinez@locaweb.com.br
justinsb@justinsb-desktop justin@fathomdb.com
k.jonathan.harker@hp.com code@gentlydownthe.net
kapil.foss@gmail.com kapil.foss@gmail.com
karol.stepniewski@gmail.com kstepniewski@vmware.com
kcrawley@franklinamerican.com kcmastrpc@gmail.com
ken.pepple@rabbityard.com ken.pepple@gmail.com
kiall@macinnes.ie kiall@hpe.com
knightxun@users.noreply.github.com 1004815462@qq.com
kokano@hotels.com kiichirookano@gmail.com
kshileev@griddynamics.com kshileev@gmail.com
laner@controller rlane@wikimedia.org
leandro.repolho@theiconic.com.au leandrorepolho@gmail.com
lorin@isi.edu lorin@nimbisservices.com
lzyeval@gmail.com lzyeval@gmail.com
m@metacloud.com morgan.fainberg@gmail.com
major@mhtx.net major.hayden@rackspace.com
marcelo.martins@rackspace.com btorch@gmail.com
mark.atwood@hp.com me@mark.atwood.name
mark@fallenpegasus.com me@mark.atwood.name
masumotok@nttdata.co.jp masumotok@nttdata.co.jp
matthew.farina@hp.com matt@mattfarina.com
matthewdietz@Matthew-Dietzs-MacBook-Pro.local matt.dietz@rackspace.com
mdietz@openstack matt.dietz@rackspace.com
mgius7096@gmail.com launchpad@markgius.com
michael.barton@rackspace.com mike@weirdlooking.com
michael.still@canonical.com mikal@stillhq.com
michelle192837@users.noreply.github.com amerai@google.com
mike-launchpad@weirdlooking.com mike@weirdlooking.com
mmasters@redhat.com miciah.masters@gmail.com
mordred@hudson mordred@inaugust.com
morgan@metacloud.com morgan.fainberg@gmail.com
mtaufen@gmail.com mtaufen@google.com
muteor@deviantart.com thepope@thepopeisdead.com
nachi@nttmcl.com ueno.nachi@lab.ntt.co.jp
nati.ueno@gmail.com ueno.nachi@lab.ntt.co.jp
naveed.massjouni@rackspace.com naveedm9@gmail.com
nelson@nelson-laptop russ@crynwr.com
nick.turner@offerupnow.com nturner4@gmail.com
nilebox@users.noreply.github.com nislamov@atlassian.com
nirmal.ranganathan@rackspace.com rnirmal@gmail.com
nirmal.ranganathan@rackspace.coom rnirmal@gmail.com
nova@u4 ueno.nachi@lab.ntt.co.jp
nsokolov@griddynamics.net nsokolov@griddynamics.com
openstack@lab.ntt.co.jp ueno.nachi@lab.ntt.co.jp
pallavag@iitk.ac.in pallavagarwal07@gmail.com
paul.bourke@oracle.com brk3@users.noreply.github.com
paul.voccio@rackspace.com paul@openstack.org
paul@substation9.com paul@openstack.org
pekowski@gmail.com raymond_pekowski@dell.com
pvoccio@castor.local paul@openstack.org
rafael_chicoli@regis24.de rafaelchicoli@hotmail.com
rclark@chat-blanc rick@openstack.org
rick.harris@rackspace.com rconradharris@gmail.com
rick@quasar.racklabs.com rconradharris@gmail.com
romande@gmail.com rdembits@cisco.com
root@mirror.nasanebula.net vishvananda@gmail.com
root@openstack2-api masumotok@nttdata.co.jp
root@tonbuntu sleepsonthefloor@gmail.com
root@ubuntu vishvananda@gmail.com
rustyrobot@users.noreply.github.com eli@mirantis.com
s.coavoux@free.fr sebastien.coavoux@nuance.com
samuel.cozannet@madeden.com samuel.cozannet@canonical.com
sandy@sandywalsh.com sandy.walsh@rackspace.com
sbellem@gmail.com sylvain@ascribe.io
sdague@linux.vnet.ibm.com sean@dague.net
sean.dague@samsung.com sean@dague.net
shuiqing.d.wang@gmail.com wonderfly@google.com
skahlouch@morea.fr smaine.kahlouch@arkena.com
slaws@users.noreply.github.com sebastien.lawniczak@orange.com
soren.hansen@rackspace.com soren@linux2go.dk
soren@openstack.org soren@linux2go.dk
soren@ubuntu.com soren@linux2go.dk
spam@andcheese.org sam@swiftstack.com
sulochan@gmail.com sulochan.acharya@rackspace.co.uk
superstack@superstack.org justin@fathomdb.com
tangle3@wanda.cn at28997146@163.com
termie@preciousroy.local code@term.ie
thuleau@gmail.com edouard1.thuleau@orange.com
tim.simpson4@gmail.com tim.simpson@rackspace.com
tklauser@distanz.ch tobias.klauser@gmail.com
todd@lapex todd@ansolabs.com
todd@rubidine.com todd@ansolabs.com
tpatil@vertex.co.in tushar.vitthal.patil@gmail.com
treinish@linux.vnet.ibm.com mtreinish@kortar.org
treyemorris@gmail.com trey.morris@rackspace.com
ttcl@mac.com troy.toman@rackspace.com
unicell@gmail.com qiuyu@ebaysf.com
vincent.gromakowski@gmail.com vgkowski@users.noreply.github.com
vipuls@gmail.com vipul.sabhaya@hp.com
vishvananda@yahoo.com vishvananda@gmail.com
wchrisjohnson@hp.com wchrisjohnson@gmail.com
will.wolf@rackspace.com throughnothing@gmail.com
wwkeyboard@gmail.com aaron.lee@rackspace.com
xtoddx@gmail.com todd@ansolabs.com
xyj.asmy@gmail.com xyj.asmy@gmail.com
yorik@ytaraday yorik.sar@gmail.com
z-github@brim.net gholt@rackspace.com
z-launchpad@brim.net gholt@rackspace.com
zachaller@users.noreply.github.com zachaller@hotmail.com
